Date,Draw_ID,Ball_1,Ball_2,Ball_3,Ball_4,Ball_5,Ball_6
2017-10-25,00198,12,17,23,25,34,38
2017-10-27,00199,4,10,13,21,22,38
2017-10-29,00200,1,5,28,31,44,45
2017-11-01,00201,4,12,25,39,42,44
2017-11-03,00202,7,17,20,22,29,44
2017-11-05,00203,3,17,38,39,41,44
2017-11-08,00204,1,18,23,24,40,41
2017-11-10,00205,1,4,19,21,24,35
2017-11-12,00206,22,26,37,40,42,44
2017-11-15,00207,1,9,15,27,33,43
2017-11-17,00208,11,13,18,19,31,45
2017-11-19,00209,14,20,30,33,41,43
2017-11-22,00210,5,6,9,23,27,35
2017-11-24,00211,14,24,32,34,36,45
2017-11-26,00212,4,12,17,19,23,34
2017-11-29,00213,19,23,26,37,38,41
2017-12-01,00214,10,19,30,35,39,45
2017-12-03,00215,8,9,15,18,27,30
2017-12-06,00216,3,7,29,31,34,43
2017-12-08,00217,2,11,15,32,40,44
2017-12-10,00218,27,36,39,43,44,45
2017-12-13,00219,4,7,19,24,32,38
2017-12-15,00220,13,14,17,24,28,43
2017-12-17,00221,4,7,16,27,40,41
2017-12-20,00222,3,8,25,37,40,42
2017-12-22,00223,9,13,17,22,26,33
2017-12-24,00224,1,5,9,14,30,31
2017-12-27,00225,9,13,19,21,27,30
2017-12-29,00226,2,8,17,20,29,39
2017-12-31,00227,3,13,14,26,30,34
2018-01-03,00228,8,14,19,30,33,35
2018-01-05,00229,19,30,34,38,42,44
2018-01-07,00230,4,6,11,13,24,31
2018-01-10,00231,6,18,21,22,37,45
2018-01-12,00232,4,8,17,23,27,34
2018-01-14,00233,1,6,10,29,32,41
2018-01-17,00234,9,10,12,22,27,41
2018-01-19,00235,2,4,27,28,31,36
2018-01-21,00236,1,10,11,24,32,37
2018-01-24,00237,5,6,24,33,42,45
2018-01-26,00238,1,9,18,28,36,44
2018-01-28,00239,12,26,27,33,36,37
2018-01-31,00240,4,7,9,10,30,40
2018-02-02,00241,2,7,14,28,42,45
2018-02-04,00242,1,5,13,27,40,45
2018-02-07,00243,5,7,18,26,30,36
2018-02-09,00244,2,10,14,19,23,37
2018-02-11,00245,5,19,27,32,41,45
2018-02-14,00246,12,31,32,34,35,43
2018-02-18,00247,1,5,14,16,36,38
2018-02-21,00248,18,23,24,26,29,33
2018-02-23,00249,5,16,19,23,29,37
2018-02-25,00250,8,10,12,29,30,42
2018-02-28,00251,17,19,21,23,36,40
2018-03-02,00252,3,7,15,27,41,45
2018-03-04,00253,4,11,19,25,32,40
2018-03-07,00254,8,19,25,31,37,40
2018-03-09,00255,5,10,13,19,25,44
2018-03-11,00256,1,14,19,26,41,42
2018-03-14,00257,12,21,23,27,31,34
2018-03-16,00258,6,8,13,17,20,34
2018-03-18,00259,14,21,24,28,31,40
2018-03-21,00260,6,19,38,40,41,44
2018-03-23,00261,3,6,12,22,26,35
2018-03-25,00262,4,10,13,22,38,42
2018-03-28,00263,12,18,31,34,35,42
2018-03-30,00264,7,11,18,28,34,43
2018-04-01,00265,4,12,24,33,39,43
2018-04-04,00266,2,3,6,16,41,44
2018-04-06,00267,1,7,8,9,36,40
2018-04-08,00268,2,5,11,16,30,34
2018-04-11,00269,7,20,23,25,26,39
2018-04-13,00270,11,22,24,33,38,43
2018-04-15,00271,3,9,13,20,30,34
2018-04-18,00272,6,16,28,29,39,44
2018-04-20,00273,6,9,14,30,33,42
2018-04-22,00274,6,7,22,32,36,39
2018-04-25,00275,4,15,17,23,29,43
2018-04-27,00276,10,20,24,27,28,29
2018-04-29,00277,3,10,22,23,25,43
2018-05-02,00278,10,11,22,29,37,40
2018-05-04,00279,9,18,25,26,27,29
2018-05-06,00280,11,26,28,34,36,37
2018-05-09,00281,9,15,20,30,31,33
2018-05-11,00282,10,11,26,29,33,38
2018-05-13,00283,6,11,16,18,27,41
2018-05-16,00284,10,21,23,25,35,38
2018-05-18,00285,3,18,24,29,30,35
2018-05-20,00286,18,19,25,26,29,39
2018-05-23,00287,13,16,25,34,37,41
2018-05-25,00288,5,14,22,26,29,39
2018-05-27,00289,5,9,17,18,19,22
2018-05-30,00290,2,17,19,27,31,36
2018-06-01,00291,6,14,19,38,43,44
2018-06-03,00292,18,20,24,40,42,45
2018-06-06,00293,6,20,22,26,43,44
2018-06-08,00294,4,13,32,35,40,42
2018-06-10,00295,22,25,35,36,38,39
2018-06-13,00296,2,4,17,24,31,40
2018-06-15,00297,8,11,13,23,24,28
2018-06-17,00298,3,5,6,7,34,40
2018-06-20,00299,2,18,22,30,32,43
2018-06-22,00300,15,19,20,26,34,39
2018-06-24,00301,6,8,23,32,33,41
2018-06-27,00302,25,27,29,33,37,38
2018-06-29,00303,6,18,22,24,36,39
2018-07-01,00304,4,7,15,28,34,37
2018-07-04,00305,2,3,27,28,34,43
2018-07-06,00306,22,26,33,34,38,42
2018-07-08,00307,2,7,8,10,28,44
2018-07-11,00308,12,26,28,29,39,43
2018-07-13,00309,3,8,9,25,27,28
2018-07-15,00310,7,15,20,29,31,38
2018-07-18,00311,8,10,14,19,26,34
2018-07-20,00312,13,14,16,19,20,23
2018-07-22,00313,8,9,24,27,40,45
2018-07-25,00314,9,16,18,38,41,45
2018-07-27,00315,2,21,32,37,38,42
2018-07-29,00316,26,31,32,37,43,45
2018-08-01,00317,5,6,29,30,37,38
2018-08-03,00318,3,8,10,24,27,28
2018-08-05,00319,7,10,18,31,39,43
2018-08-08,00320,19,34,37,39,41,44
2018-08-10,00321,18,22,24,29,41,45
2018-08-12,00322,5,16,17,28,31,38
2018-08-15,00323,12,24,25,33,40,44
2018-08-17,00324,3,8,22,28,33,42
2018-08-19,00325,16,18,28,36,37,45
2018-08-22,00326,15,17,18,33,34,44
2018-08-24,00327,3,22,25,29,33,40
2018-08-26,00328,1,3,11,12,22,36
2018-08-29,00329,16,17,24,28,30,36
2018-08-31,00330,11,19,30,36,38,40
2018-09-02,00331,10,12,13,22,26,40
2018-09-05,00332,5,6,22,27,34,37
2018-09-07,00333,8,10,11,28,42,45
2018-09-09,00334,8,14,18,21,44,45
2018-09-12,00335,11,12,13,16,29,31
2018-09-14,00336,12,16,17,18,26,34
2018-09-16,00337,3,13,17,18,23,34
2018-09-19,00338,10,20,22,24,27,42
2018-09-21,00339,1,3,11,14,23,29
2018-09-23,00340,18,27,32,35,41,44
2018-09-26,00341,12,19,27,39,42,45
2018-09-28,00342,2,6,11,13,15,38
2018-09-30,00343,1,20,24,36,43,45
2018-10-03,00344,6,12,19,21,25,45
2018-10-05,00345,4,12,17,29,35,44
2018-10-07,00346,14,18,31,34,39,44
2018-10-10,00347,18,19,22,28,41,42
2018-10-12,00348,11,12,20,26,28,42
2018-10-14,00349,7,8,9,34,40,43
2018-10-17,00350,1,12,14,36,39,43
2018-10-19,00351,2,14,30,38,39,45
2018-10-21,00352,6,22,24,28,30,37
2018-10-24,00353,6,26,34,35,39,42
2018-10-26,00354,2,18,31,33,36,41
2018-10-28,00355,9,18,19,20,31,45
2018-10-31,00356,17,22,26,30,33,35
2018-11-02,00357,4,6,11,18,24,25
2018-11-04,00358,7,12,13,17,25,30
2018-11-07,00359,6,18,22,25,31,37
2018-11-09,00360,6,18,28,32,34,35
2018-11-11,00361,20,23,26,27,32,34
2018-11-14,00362,12,14,24,26,30,40
2018-11-16,00363,4,12,18,21,25,41
2018-11-18,00364,6,27,28,30,37,44
2018-11-21,00365,7,9,16,19,24,33
2018-11-23,00366,8,10,12,21,25,40
2018-11-25,00367,3,5,11,18,24,29
2018-11-28,00368,8,13,20,21,25,28
2018-11-30,00369,11,18,23,25,28,35
2018-12-02,00370,2,4,12,23,37,45
2018-12-05,00371,7,28,29,39,42,45
2018-12-07,00372,1,6,7,22,31,39
2018-12-09,00373,6,8,26,34,40,41
2018-12-12,00374,1,3,11,15,27,30
2018-12-14,00375,7,16,20,26,30,34
2018-12-16,00376,1,14,22,26,35,42
2018-12-19,00377,2,10,11,32,40,44
2018-12-21,00378,1,7,16,27,29,34
2018-12-23,00379,1,3,10,11,16,44
2018-12-26,00380,21,28,34,35,41,44
2018-12-28,00381,3,22,24,25,31,37
2018-12-30,00382,10,19,31,35,42,44
2019-01-02,00383,4,14,32,35,36,40
2019-01-04,00384,1,8,14,16,19,22
2019-01-06,00385,9,22,33,34,35,44
2019-01-09,00386,17,27,28,30,33,41
2019-01-11,00387,19,21,22,23,25,44
2019-01-13,00388,1,20,21,23,26,33
2019-01-16,00389,1,8,14,24,31,40
2019-01-18,00390,12,15,19,38,40,45
2019-01-20,00391,8,16,21,31,35,38
2019-01-23,00392,2,9,13,29,33,40
2019-01-25,00393,11,13,14,22,30,38
2019-01-27,00394,9,11,12,22,27,29
2019-01-30,00395,1,4,6,13,37,41
2019-02-01,00396,3,4,6,38,39,43
2019-02-03,00397,1,2,5,9,23,24
2019-02-06,00398,22,24,25,30,33,38
2019-02-08,00399,11,12,33,36,39,43
2019-02-10,00400,1,11,17,25,29,35
2019-02-13,00401,5,11,18,33,37,41
2019-02-15,00402,3,22,26,27,30,44
2019-02-17,00403,11,12,14,25,29,31
2019-02-20,00404,1,10,15,24,37,45
2019-02-22,00405,7,10,18,25,44,45
2019-02-24,00406,1,7,13,23,32,42
2019-02-27,00407,5,12,15,16,25,35
2019-03-01,00408,15,23,29,31,38,43
2019-03-03,00409,1,13,17,20,30,45
2019-03-06,00410,2,7,14,24,40,41
2019-03-08,00411,4,14,20,27,32,43
2019-03-10,00412,5,24,31,32,42,45
2019-03-13,00413,5,16,24,26,34,44
2019-03-15,00414,5,10,15,19,38,42
2019-03-17,00415,5,6,16,18,24,42
2019-03-20,00416,2,7,17,24,29,37
2019-03-22,00417,1,3,6,13,18,41
2019-03-24,00418,5,17,21,27,34,40
2019-03-27,00419,9,12,22,24,30,42
2019-03-29,00420,2,19,26,27,30,37
2019-03-31,00421,3,5,19,28,31,38
2019-04-03,00422,4,11,18,33,34,45
2019-04-05,00423,2,7,25,36,38,43
2019-04-07,00424,8,10,26,28,32,34
2019-04-10,00425,7,11,14,30,35,42
2019-04-12,00426,3,12,15,16,17,44
2019-04-14,00427,4,13,20,34,35,37
2019-04-17,00428,7,11,21,25,30,44
2019-04-19,00429,1,4,5,12,17,21
2019-04-21,00430,8,11,13,20,41,43
2019-04-24,00431,4,7,12,13,20,45
2019-04-26,00432,1,2,14,15,16,30
2019-04-28,00433,4,24,28,30,33,43
2019-05-01,00434,18,23,24,27,33,41
2019-05-03,00435,1,6,14,31,35,44
2019-05-05,00436,13,27,30,38,39,41
2019-05-08,00437,1,7,8,31,34,45
2019-05-10,00438,5,23,25,30,35,38
2019-05-12,00439,1,8,13,17,21,43
2019-05-15,00440,17,28,29,33,34,35
2019-05-17,00441,6,16,18,29,39,43
2019-05-19,00442,2,11,19,27,30,42
2019-05-22,00443,1,13,16,22,23,35
2019-05-24,00444,2,3,31,33,35,40
2019-05-26,00445,11,12,14,23,29,32
2019-05-29,00446,12,18,19,27,35,42
2019-05-31,00447,5,6,7,12,23,30
2019-06-02,00448,2,5,12,35,41,43
2019-06-05,00449,4,8,22,25,37,39
2019-06-07,00450,11,13,15,26,27,41
2019-06-09,00451,2,6,22,25,35,36
2019-06-12,00452,10,11,21,23,26,37
2019-06-14,00453,2,12,16,36,37,45
2019-06-16,00454,6,7,19,29,31,36
2019-06-19,00455,2,4,11,15,35,40
2019-06-21,00456,1,4,19,21,23,39
2019-06-23,00457,3,8,11,27,32,36
2019-06-26,00458,1,5,9,10,33,41
2019-06-28,00459,11,25,37,40,41,45
2019-06-30,00460,5,20,22,25,28,32
2019-07-03,00461,2,7,25,29,39,45
2019-07-05,00462,19,21,30,31,37,43
2019-07-07,00463,2,18,21,23,30,31
2019-07-10,00464,1,2,6,7,16,27
2019-07-12,00465,16,18,24,26,40,44
2019-07-14,00466,2,3,7,25,33,34
2019-07-17,00467,10,11,16,22,28,35
2019-07-19,00468,9,12,23,26,28,43
2019-07-21,00469,7,8,10,24,33,44
2019-07-24,00470,20,22,25,39,44,45
2019-07-26,00471,5,14,16,22,25,33
2019-07-28,00472,5,14,16,24,42,43
2019-07-31,00473,6,12,15,19,25,45
2019-08-02,00474,11,18,20,22,25,26
2019-08-04,00475,6,10,21,30,43,45
2019-08-07,00476,1,5,13,31,32,43
2019-08-09,00477,11,19,26,28,30,42
2019-08-11,00478,1,4,7,9,25,31
2019-08-14,00479,13,20,22,24,33,34
2019-08-16,00480,6,14,15,19,31,39
2019-08-18,00481,2,7,18,21,24,33
2019-08-21,00482,6,8,17,20,21,31
2019-08-23,00483,6,7,12,17,19,24
2019-08-25,00484,7,8,15,20,24,31
2019-08-28,00485,1,4,12,14,19,30
2019-08-30,00486,5,6,22,23,25,44
2019-09-01,00487,5,7,14,16,29,40
2019-09-04,00488,1,9,11,23,30,37
2019-09-06,00489,2,4,13,15,26,31
2019-09-08,00490,6,9,11,26,28,36
2019-09-11,00491,21,25,29,32,34,35
2019-09-13,00492,2,15,17,25,30,38
2019-09-15,00493,8,9,28,33,35,43
2019-09-18,00494,3,9,13,17,19,20
2019-09-20,00495,7,12,24,29,31,45
2019-09-22,00496,3,6,21,36,38,39
2019-09-25,00497,9,14,22,26,44,45
2019-09-27,00498,6,9,11,28,37,44
2019-09-29,00499,2,9,12,18,21,23
2019-10-02,00500,2,6,7,25,28,41
2019-10-04,00501,2,9,24,25,30,36
2019-10-06,00502,1,6,17,30,44,45
2019-10-09,00503,3,12,21,24,28,32
2019-10-11,00504,6,12,14,27,28,36
2019-10-13,00505,6,22,28,31,37,40
2019-10-16,00506,1,4,23,28,41,42
2019-10-18,00507,4,14,15,22,28,39
2019-10-20,00508,1,3,8,15,38,40
2019-10-23,00509,2,9,21,23,32,41
2019-10-25,00510,4,7,9,22,32,37
2019-10-27,00511,1,19,29,30,40,42
2019-10-30,00512,2,5,8,12,29,38
2019-11-01,00513,6,11,20,30,37,40
2019-11-03,00514,28,30,32,38,44,45
2019-11-06,00515,3,15,22,23,38,43
2019-11-08,00516,4,16,19,30,32,44
2019-11-10,00517,4,14,21,28,32,36
2019-11-13,00518,17,19,24,30,31,40
2019-11-15,00519,2,13,27,33,40,41
2019-11-17,00520,6,7,14,31,39,44
2019-11-20,00521,10,21,22,24,43,44
2019-11-22,00522,1,9,10,19,30,38
2019-11-24,00523,5,21,24,28,29,34
2019-11-27,00524,3,5,13,19,20,33
2019-11-29,00525,14,15,16,17,19,34
2019-12-01,00526,3,14,16,27,31,35
2019-12-04,00527,16,19,24,30,32,35
2019-12-06,00528,2,20,26,35,43,45
2019-12-08,00529,12,20,30,31,34,44
2019-12-11,00530,1,2,8,27,29,39
2019-12-13,00531,2,8,9,25,26,40
2019-12-15,00532,3,13,15,16,22,36
2019-12-18,00533,8,9,12,19,22,25
2019-12-20,00534,1,9,16,27,38,45
2019-12-22,00535,9,10,11,18,22,36
2019-12-25,00536,10,18,25,26,36,43
2019-12-27,00537,2,7,10,12,33,43
2019-12-29,00538,7,12,21,24,35,43
2020-01-01,00539,8,10,23,26,37,38
2020-01-03,00540,1,15,17,26,32,44
2020-01-05,00541,5,11,12,26,44,45
2020-01-08,00542,2,4,10,21,25,43
2020-01-10,00543,10,18,24,35,41,43
2020-01-12,00544,7,12,17,21,35,45
2020-01-15,00545,2,8,19,31,38,44
2020-01-17,00546,8,26,28,37,40,42
2020-01-19,00547,1,4,19,25,35,39
2020-01-22,00548,1,15,16,34,36,42
2020-01-26,00549,4,5,9,25,33,37
2020-01-29,00550,3,10,16,24,39,44
2020-01-31,00551,8,9,20,25,30,40
2020-02-02,00552,1,4,16,32,35,38
2020-02-05,00553,9,19,24,37,38,45
2020-02-07,00554,6,11,15,33,40,44
2020-02-09,00555,1,4,18,22,26,35
2020-02-12,00556,5,13,16,20,24,35
2020-02-14,00557,4,14,24,32,36,43
2020-02-16,00558,1,4,14,36,37,41
2020-02-19,00559,1,16,23,25,30,38
2020-02-21,00560,13,15,22,28,29,41
2020-02-23,00561,1,6,16,23,34,42
2020-02-26,00562,2,10,12,20,24,39
2020-02-28,00563,2,19,23,27,29,38
2020-03-01,00564,1,6,7,13,26,39
2020-03-04,00565,1,7,17,24,35,41
2020-03-06,00566,6,9,10,16,26,42
2020-03-08,00567,3,13,17,19,21,43
2020-03-11,00568,12,16,29,35,37,44
2020-03-13,00569,8,13,20,28,35,45
2020-03-15,00570,4,7,11,17,19,31
2020-03-18,00571,6,21,30,37,38,45
2020-03-20,00572,8,23,29,37,39,44
2020-03-22,00573,2,10,19,22,24,29
2020-03-25,00574,26,31,33,37,38,45
2020-03-27,00575,1,6,10,35,36,45
2020-03-29,00576,7,10,23,36,39,44
2020-04-24,00577,10,31,37,39,40,43
2020-04-26,00578,5,25,30,36,37,41
2020-04-29,00579,1,8,11,13,15,32
2020-05-01,00580,6,7,16,37,40,44
2020-05-03,00581,5,18,29,32,38,44
2020-05-06,00582,3,18,25,29,30,44
2020-05-08,00583,1,3,7,12,22,25
2020-05-10,00584,7,9,23,32,33,37
2020-05-13,00585,6,20,21,35,40,45
2020-05-15,00586,3,12,13,28,33,36
2020-05-17,00587,2,4,21,30,33,37
2020-05-20,00588,1,8,15,23,25,39
2020-05-22,00589,3,8,19,28,35,41
2020-05-24,00590,1,29,30,32,34,35
2020-05-27,00591,6,15,29,30,37,42
2020-05-29,00592,4,10,23,26,35,37
2020-05-31,00593,1,6,13,27,35,40
2020-06-03,00594,1,15,17,19,40,43
2020-06-05,00595,10,13,22,28,38,43
2020-06-07,00596,6,7,11,16,23,44
2020-06-10,00597,2,11,23,25,26,35
2020-06-12,00598,5,16,22,27,30,31
2020-06-14,00599,19,22,24,41,44,45
2020-06-17,00600,7,16,28,33,34,45
2020-06-19,00601,4,12,17,19,32,45
2020-06-21,00602,7,9,13,33,40,44
2020-06-24,00603,7,17,18,32,39,40
2020-06-26,00604,9,23,27,30,38,41
2020-06-28,00605,4,15,24,36,37,41
2020-07-01,00606,10,13,14,26,32,33
2020-07-03,00607,4,5,17,18,22,36
2020-07-05,00608,5,8,10,17,22,31
2020-07-08,00609,14,15,17,21,31,38
2020-07-10,00610,18,20,22,33,35,39
2020-07-12,00611,2,15,21,27,31,35
2020-07-15,00612,10,11,18,19,20,45
2020-07-17,00613,4,10,18,20,32,45
2020-07-19,00614,1,13,14,19,42,45
2020-07-22,00615,9,13,18,24,26,42
2020-07-24,00616,4,25,31,35,39,41
2020-07-26,00617,5,15,21,39,43,45
2020-07-29,00618,6,14,26,41,42,43
2020-07-31,00619,4,9,19,29,36,41
2020-08-02,00620,6,9,12,17,41,42
2020-08-05,00621,14,18,19,32,33,38
2020-08-07,00622,17,26,35,40,43,44
2020-08-09,00623,11,13,14,43,44,45
2020-08-12,00624,7,21,34,38,43,44
2020-08-14,00625,9,18,21,24,34,41
2020-08-16,00626,2,5,6,20,33,39
2020-08-19,00627,7,20,36,37,43,45
2020-08-21,00628,7,8,26,30,37,43
2020-08-23,00629,10,14,19,25,36,39
2020-08-26,00630,2,18,24,28,35,42
2020-08-28,00631,10,11,14,23,27,37
2020-08-30,00632,6,8,18,19,29,33
2020-09-02,00633,8,10,14,16,18,24
2020-09-04,00634,7,16,20,30,40,41
2020-09-06,00635,1,6,19,29,31,44
2020-09-09,00636,19,21,34,35,36,39
2020-09-11,00637,4,11,13,16,17,33
2020-09-13,00638,20,23,28,37,40,44
2020-09-16,00639,5,20,29,30,38,40
2020-09-18,00640,10,19,21,23,27,33
2020-09-20,00641,5,7,9,13,15,16
2020-09-23,00642,2,8,17,23,30,41
2020-09-25,00643,14,20,22,35,44,45
2020-09-27,00644,1,12,26,31,37,38
2020-09-30,00645,2,5,31,32,42,44
2020-10-02,00646,9,11,21,31,32,37
2020-10-04,00647,9,16,19,25,26,39
2020-10-07,00648,13,15,25,26,28,34
2020-10-09,00649,15,19,23,30,33,39
2020-10-11,00650,12,18,28,31,40,45
2020-10-14,00651,4,7,23,32,43,44
2020-10-16,00652,4,14,16,23,24,27
2020-10-18,00653,1,14,25,26,30,40
2020-10-21,00654,4,11,26,36,38,41
2020-10-23,00655,5,10,16,23,34,45
2020-10-25,00656,11,19,30,38,41,45
2020-10-28,00657,1,4,7,15,35,45
2020-10-30,00658,4,5,14,18,23,43
2020-11-01,00659,6,21,27,30,32,44
2020-11-04,00660,3,8,11,13,26,38
2020-11-06,00661,19,24,30,32,36,37
2020-11-08,00662,3,12,14,16,23,33
2020-11-11,00663,4,10,12,17,20,35
2020-11-13,00664,8,22,23,33,34,36
2020-11-15,00665,14,16,21,29,40,41
2020-11-18,00666,18,19,21,31,39,44
2020-11-20,00667,2,17,24,29,31,37
2020-11-22,00668,9,16,17,24,32,40
2020-11-25,00669,1,5,7,8,25,40
2020-11-27,00670,1,9,12,13,37,43
2020-11-29,00671,6,7,14,18,37,43
2020-12-02,00672,4,5,7,10,25,39
2020-12-04,00673,3,5,33,37,41,43
2020-12-06,00674,11,21,24,27,29,37
2020-12-09,00675,16,24,27,31,36,43
2020-12-11,00676,23,24,25,35,37,39
2020-12-13,00677,10,12,20,36,41,44
2020-12-16,00678,10,11,22,27,36,41
2020-12-18,00679,4,9,14,23,32,38
2020-12-20,00680,15,18,28,30,34,44
2020-12-23,00681,7,11,17,31,35,40
2020-12-25,00682,6,12,15,22,33,39
2020-12-27,00683,3,11,17,19,34,39
2020-12-30,00684,1,13,20,26,35,37
2021-01-01,00685,10,16,24,26,30,32
2021-01-03,00686,4,31,34,36,40,43
2021-01-06,00687,22,27,30,35,40,45
2021-01-08,00688,8,19,22,25,32,35
2021-01-10,00689,10,11,22,32,38,43
2021-01-13,00690,19,20,21,28,33,41
2021-01-15,00691,4,6,10,13,26,43
2021-01-17,00692,4,5,32,39,40,42
2021-01-20,00693,7,20,29,30,40,45
2021-01-22,00694,1,6,7,20,28,43
2021-01-24,00695,8,9,23,25,31,32
2021-01-27,00696,1,7,11,28,41,44
2021-01-29,00697,6,7,8,29,35,39
2021-01-31,00698,4,6,7,11,34,41
2021-02-03,00699,7,9,14,23,35,41
2021-02-05,00700,2,8,31,32,42,44
2021-02-07,00701,1,4,7,15,41,42
2021-02-10,00702,8,13,18,19,21,24
2021-02-14,00703,3,13,18,21,39,44
2021-02-17,00704,3,18,21,22,36,44
2021-02-19,00705,12,19,22,23,34,44
2021-02-21,00706,6,7,22,24,27,37
2021-02-24,00707,2,13,19,33,40,43
2021-02-26,00708,11,13,19,27,37,41
2021-02-28,00709,4,5,25,28,29,42
2021-03-03,00710,1,20,28,37,40,44
2021-03-05,00711,9,11,13,21,27,41
2021-03-07,00712,4,12,25,28,33,45
2021-03-10,00713,5,14,15,19,25,33
2021-03-12,00714,5,11,17,34,38,42
2021-03-14,00715,1,9,11,32,34,42
2021-03-17,00716,6,11,26,28,36,41
2021-03-19,00717,5,6,24,34,36,37
2021-03-21,00718,8,9,11,31,36,39
2021-03-24,00719,7,14,23,26,37,39
2021-03-26,00720,2,11,15,18,23,42
2021-03-28,00721,23,26,40,41,43,44
2021-03-31,00722,2,4,6,36,41,42
2021-04-02,00723,1,5,9,16,42,44
2021-04-04,00724,5,20,27,30,38,43
2021-04-07,00725,13,15,19,25,33,34
2021-04-09,00726,3,4,8,17,19,37
2021-04-11,00727,3,23,27,32,34,39
2021-04-14,00728,11,12,16,18,33,35
2021-04-16,00729,8,9,11,28,30,39
2021-04-18,00730,7,9,15,23,26,27
2021-04-21,00731,3,12,19,27,32,35
2021-04-23,00732,13,16,18,22,34,39
2021-04-25,00733,8,19,21,28,32,44
2021-04-28,00734,21,39,40,41,43,45
2021-04-30,00735,3,4,20,21,36,41
2021-05-02,00736,7,8,30,35,40,44
2021-05-05,00737,3,14,20,22,37,44
2021-05-07,00738,10,20,21,27,33,34
2021-05-09,00739,1,7,16,24,27,37
2021-05-12,00740,9,15,22,27,34,42
2021-05-14,00741,3,11,16,20,24,30
2021-05-16,00742,13,23,33,37,40,43
2021-05-19,00743,3,12,23,29,33,34
2021-05-21,00744,4,28,37,38,40,42
2021-05-23,00745,11,14,22,26,29,44
2021-05-26,00746,1,10,22,36,38,45
2021-05-28,00747,2,15,33,41,44,45
2021-05-30,00748,7,10,19,30,40,45
2021-06-02,00749,10,20,22,26,31,42
2021-06-04,00750,19,24,31,32,35,36
2021-06-06,00751,5,7,10,13,14,42
2021-06-09,00752,2,7,18,20,24,36
2021-06-11,00753,8,12,13,14,32,40
2021-06-13,00754,3,10,12,13,36,44
2021-06-16,00755,11,19,24,28,31,39
2021-06-18,00756,10,11,28,29,40,42
2021-06-20,00757,10,24,27,42,43,45
2021-06-23,00758,4,7,20,28,33,41
2021-06-25,00759,3,5,6,23,24,39
2021-06-27,00760,5,10,29,37,42,44
2021-06-30,00761,2,5,6,8,10,32
2021-07-02,00762,1,14,15,18,32,45
2021-07-04,00763,3,14,15,21,26,37
2021-07-07,00764,1,6,13,30,34,43
2021-07-09,00765,4,9,17,18,28,32
2021-07-11,00766,2,8,15,17,19,30
2021-07-14,00767,4,11,22,29,37,43
2021-07-16,00768,1,9,18,26,41,45
2021-07-18,00769,3,8,19,21,25,36
2021-07-21,00770,8,10,12,29,34,37
2021-07-23,00771,19,26,31,33,41,42
2021-08-18,00772,10,16,19,27,28,36
2021-08-20,00773,4,8,17,27,32,36
2021-08-22,00774,6,7,18,25,40,43
2021-08-25,00775,1,3,5,17,22,33
2021-08-27,00776,4,10,11,15,24,37
2021-08-29,00777,1,18,21,25,27,35
2021-09-01,00778,6,13,33,34,40,45
2021-09-03,00779,6,11,18,23,32,44
2021-09-05,00780,15,18,25,27,29,34
2021-09-08,00781,4,18,28,32,36,40
2021-09-10,00782,10,16,22,36,43,44
2021-09-12,00783,4,8,21,29,33,45
2021-09-15,00784,11,14,17,24,29,35
2021-09-17,00785,6,10,15,37,39,44
2021-09-19,00786,6,24,28,31,36,43
2021-09-22,00787,5,10,19,22,36,45
2021-09-24,00788,1,4,7,14,16,41
2021-09-26,00789,13,27,34,35,36,41
2021-09-29,00790,6,15,16,27,36,42
2021-10-01,00791,11,15,17,27,28,45
2021-10-03,00792,6,12,28,30,39,42
2021-10-06,00793,9,11,15,20,32,36
2021-10-08,00794,4,13,18,23,33,43
2021-10-10,00795,3,25,26,29,40,42
2021-10-13,00796,20,34,37,39,41,42
2021-10-15,00797,5,13,17,20,29,45
2021-10-17,00798,4,12,21,22,27,40
2021-10-20,00799,5,9,33,40,41,45
2021-10-22,00800,3,5,6,9,28,43
2021-10-24,00801,6,29,31,32,39,44
2021-10-27,00802,13,17,26,29,33,39
2021-10-29,00803,17,19,22,31,32,34
2021-10-31,00804,9,14,17,18,36,41
2021-11-03,00805,3,13,15,23,24,44
2021-11-05,00806,10,16,36,40,41,42
2021-11-07,00807,5,20,24,25,35,36
2021-11-10,00808,17,18,19,20,27,44
2021-11-12,00809,11,14,18,24,35,37
2021-11-14,00810,3,5,18,28,42,43
2021-11-17,00811,4,15,25,26,32,35
2021-11-19,00812,9,10,26,28,39,43
2021-11-21,00813,1,12,29,40,44,45
2021-11-24,00814,2,10,18,23,34,36
2021-11-26,00815,4,18,25,29,32,34
2021-11-28,00816,13,17,26,27,31,37
2021-12-01,00817,8,9,30,31,38,45
2021-12-03,00818,10,14,29,37,38,40
2021-12-05,00819,3,5,6,31,34,35
2021-12-08,00820,2,3,16,19,22,34
2021-12-10,00821,1,4,17,19,24,42
2021-12-12,00822,16,21,29,40,41,43
2021-12-15,00823,3,18,29,30,39,41
2021-12-17,00824,8,15,16,21,25,33
2021-12-19,00825,12,15,24,30,36,45
2021-12-22,00826,8,16,17,23,28,38
2021-12-24,00827,3,17,25,26,36,38
2021-12-26,00828,4,11,16,24,35,44
2021-12-29,00829,5,27,33,34,38,40
2021-12-31,00830,2,5,12,33,41,45
2022-01-02,00831,11,17,30,36,41,45
2022-01-05,00832,1,3,8,9,35,40
2022-01-07,00833,10,13,24,28,38,44
2022-01-09,00834,6,7,11,22,35,41
2022-01-12,00835,3,6,13,15,36,44
2022-01-14,00836,5,14,27,30,38,45
2022-01-16,00837,1,3,4,5,32,33
2022-01-19,00838,14,21,25,34,37,39
2022-01-21,00839,1,13,17,24,27,42
2022-01-23,00840,13,20,24,32,34,40
2022-01-26,00841,5,11,15,18,27,43
2022-01-28,00842,4,6,12,26,27,39
2022-01-30,00843,1,7,22,26,28,41
2022-02-02,00844,5,6,14,20,31,38
2022-02-04,00845,11,16,18,38,40,43
2022-02-06,00846,5,9,21,24,34,39
2022-02-09,00847,3,20,27,37,44,45
2022-02-11,00848,10,11,19,38,41,44
2022-02-13,00849,14,21,22,24,28,45
2022-02-16,00850,2,5,8,16,22,42
2022-02-18,00851,3,14,20,26,28,36
2022-02-20,00852,4,6,16,30,43,44
2022-02-23,00853,2,16,18,19,24,29
2022-02-25,00854,10,13,30,33,39,41
2022-02-27,00855,10,20,25,27,38,45
2022-03-02,00856,7,10,13,20,21,34
2022-03-04,00857,3,19,21,24,27,38
2022-03-06,00858,11,16,21,33,34,42
2022-03-09,00859,3,15,35,39,40,43
2022-03-11,00860,6,20,23,29,34,45
2022-03-13,00861,1,5,19,20,23,38
2022-03-16,00862,10,11,14,24,31,45
2022-03-18,00863,6,10,15,29,41,42
2022-03-20,00864,1,9,10,12,22,44
2022-03-23,00865,2,9,37,38,40,43
2022-03-25,00866,1,12,13,27,29,35
2022-03-27,00867,8,17,21,39,44,45
2022-03-30,00868,1,12,26,28,39,45
2022-04-01,00869,2,19,25,32,41,44
2022-04-03,00870,5,11,20,26,40,43
2022-04-06,00871,13,17,19,25,32,45
2022-04-08,00872,2,13,16,19,20,36
2022-04-10,00873,4,17,28,30,38,42
2022-04-13,00874,1,7,20,25,40,41
2022-04-15,00875,9,18,21,25,35,44
2022-04-17,00876,5,13,15,28,38,40
2022-04-20,00877,1,8,17,21,27,37
2022-04-22,00878,11,13,15,18,24,36
2022-04-24,00879,9,12,23,30,32,40
2022-04-27,00880,3,9,14,17,27,32
2022-04-29,00881,5,12,16,25,26,32
2022-05-01,00882,8,21,26,35,37,42
2022-05-04,00883,1,4,23,28,33,38
2022-05-06,00884,1,3,15,16,34,43
2022-05-08,00885,4,12,20,25,35,37
2022-05-11,00886,2,6,7,18,34,41
2022-05-13,00887,7,8,18,29,41,44
2022-05-15,00888,5,20,21,31,34,37
2022-05-18,00889,3,17,23,37,40,42
2022-05-20,00890,12,17,34,39,44,45
2022-05-22,00891,1,7,10,24,33,40
2022-05-25,00892,19,26,27,39,44,45
2022-05-27,00893,16,21,23,27,35,41
2022-05-29,00894,2,6,19,24,30,42
2022-06-01,00895,6,10,21,23,28,39
2022-06-03,00896,5,8,34,38,39,41
2022-06-05,00897,6,8,21,28,30,35
2022-06-08,00898,2,10,13,15,22,36
2022-06-10,00899,10,23,25,26,30,41
2022-06-12,00900,6,14,19,22,40,42
2022-06-15,00901,1,6,12,20,36,39
2022-06-17,00902,5,8,26,29,35,44
2022-06-19,00903,1,24,25,31,39,40
2022-06-22,00904,3,20,23,30,33,35
2022-06-24,00905,7,16,18,32,34,44
2022-06-26,00906,3,7,8,18,27,36
2022-06-29,00907,1,19,20,27,30,32
2022-07-01,00908,17,26,30,31,33,39
2022-07-03,00909,8,14,17,20,21,40
2022-07-06,00910,4,12,14,15,41,42
2022-07-08,00911,6,7,12,18,21,43
2022-07-10,00912,12,23,29,36,37,41
2022-07-13,00913,4,9,21,28,35,37
2022-07-15,00914,4,30,35,39,42,43
2022-07-17,00915,7,13,20,23,27,29
2022-07-20,00916,5,6,20,22,26,39
2022-07-22,00917,4,10,18,22,31,37
2022-07-24,00918,4,11,17,29,30,44
2022-07-27,00919,9,15,18,22,32,41
2022-07-29,00920,5,7,11,20,31,37
2022-07-31,00921,3,8,15,16,40,42
2022-08-03,00922,5,14,30,36,38,42
2022-08-05,00923,10,13,14,32,37,42
2022-08-07,00924,6,9,10,13,24,27
2022-08-10,00925,4,8,10,15,26,31
2022-08-12,00926,5,7,16,20,36,41
2022-08-14,00927,9,13,21,24,34,35
2022-08-17,00928,23,29,35,37,39,45
2022-08-19,00929,25,26,33,39,41,43
2022-08-21,00930,5,19,21,23,28,36
2022-08-24,00931,12,20,21,23,27,34
2022-08-26,00932,3,30,31,32,36,45
2022-08-28,00933,8,16,31,37,39,41
2022-08-31,00934,4,10,28,29,31,34
2022-09-02,00935,2,3,14,21,31,33
2022-09-04,00936,5,17,19,27,35,39
2022-09-07,00937,8,9,10,20,35,38
2022-09-09,00938,4,6,13,14,28,39
2022-09-11,00939,4,15,20,31,43,44
2022-09-14,00940,3,12,15,20,24,45
2022-09-16,00941,2,26,35,41,42,43
2022-09-18,00942,3,5,10,17,25,29
2022-09-21,00943,5,10,14,25,42,45
2022-09-23,00944,1,12,21,28,30,44
2022-09-25,00945,3,5,8,31,33,34
2022-09-28,00946,4,5,7,24,27,30
2022-09-30,00947,4,11,19,20,35,41
2022-10-02,00948,3,17,28,30,31,32
2022-10-05,00949,9,18,23,24,29,34
2022-10-07,00950,18,20,29,34,36,38
2022-10-09,00951,13,15,20,25,35,43
2022-10-12,00952,1,7,13,16,27,35
2022-10-14,00953,1,6,22,25,30,34
2022-10-16,00954,2,5,19,26,38,40
2022-10-19,00955,1,3,7,10,21,29
2022-10-21,00956,10,16,17,18,34,42
2022-10-23,00957,2,11,18,33,36,45
2022-10-26,00958,2,3,10,15,31,36
2022-10-28,00959,16,21,22,33,42,45
2022-10-30,00960,15,27,31,36,38,41
2022-11-02,00961,2,17,23,27,37,42
2022-11-04,00962,9,13,16,24,33,45
2022-11-06,00963,8,10,12,14,17,31
2022-11-09,00964,7,9,16,20,30,32
2022-11-11,00965,2,3,9,15,17,43
2022-11-13,00966,3,4,27,32,40,43
2022-11-16,00967,2,3,12,32,35,44
2022-11-18,00968,15,16,22,25,29,33
2022-11-20,00969,1,4,14,22,24,40
2022-11-23,00970,4,13,15,20,37,38
2022-11-25,00971,14,20,24,30,35,41
2022-11-27,00972,1,26,27,35,36,43
2022-11-30,00973,7,15,20,25,32,37
2022-12-02,00974,2,18,21,24,38,44
2022-12-04,00975,4,5,7,9,27,39
2022-12-07,00976,8,11,19,24,26,42
2022-12-09,00977,4,23,25,30,40,41
2022-12-11,00978,9,11,16,17,22,33
2022-12-14,00979,13,29,35,37,38,41
2022-12-16,00980,6,19,22,26,38,39
2022-12-18,00981,2,12,13,33,36,42
2022-12-21,00982,8,12,20,26,35,37
2022-12-23,00983,2,14,21,22,35,43
2022-12-25,00984,15,17,21,28,37,43
2022-12-28,00985,4,5,10,21,33,37
2022-12-30,00986,3,24,31,35,39,42
2023-01-01,00987,16,20,26,30,32,40
2023-01-04,00988,3,5,7,37,39,42
2023-01-06,00989,2,7,16,25,35,38
2023-01-08,00990,11,29,32,39,40,43
2023-01-11,00991,1,18,22,33,34,43
2023-01-13,00992,3,11,14,20,26,42
2023-01-15,00993,8,9,15,21,26,45
2023-01-20,00994,3,7,13,29,32,44
2023-01-25,00995,12,14,18,22,28,31
2023-01-27,00996,10,13,21,29,41,43
2023-01-29,00997,5,21,26,27,32,33
2023-02-01,00998,16,21,27,29,34,44
2023-02-03,00999,4,11,16,30,33,43
2023-02-05,01000,13,15,23,29,31,34
2023-02-08,01001,6,18,20,22,26,34
2023-02-10,01002,1,11,23,27,33,39
2023-02-12,01003,3,5,11,23,24,42
2023-02-15,01004,1,2,8,20,24,31
2023-02-17,01005,1,5,10,13,23,25
2023-02-19,01006,2,20,22,28,29,38
2023-02-22,01007,8,16,22,23,28,38
2023-02-24,01008,1,10,16,22,35,44
2023-02-26,01009,4,9,16,26,28,42
2023-03-01,01010,13,14,29,33,38,43
2023-03-03,01011,10,22,26,27,33,43
2023-03-05,01012,9,11,24,31,36,44
2023-03-08,01013,10,13,22,25,28,36
2023-03-10,01014,3,5,13,22,36,44
2023-03-12,01015,10,28,29,31,33,37
2023-03-15,01016,11,19,23,28,34,35
2023-03-17,01017,5,7,12,22,26,33
2023-03-19,01018,2,7,10,21,28,35
2023-03-22,01019,5,8,10,15,17,41
2023-03-24,01020,6,14,15,18,24,41
2023-03-26,01021,6,16,18,25,34,45
2023-03-29,01022,3,6,12,28,29,43
2023-03-31,01023,1,9,10,15,30,42
2023-04-02,01024,2,24,36,38,42,43
2023-04-05,01025,4,8,12,15,19,43
2023-04-07,01026,9,14,22,29,39,41
2023-04-09,01027,12,15,25,30,34,39
2023-04-12,01028,4,7,27,28,32,43
2023-04-14,01029,8,16,23,27,32,41
2023-04-16,01030,8,17,20,25,33,36
2023-04-19,01031,10,27,37,40,42,43
2023-04-21,01032,2,4,7,10,20,44
2023-04-23,01033,1,2,22,30,37,42
2023-04-26,01034,1,4,7,9,34,37
2023-04-28,01035,5,11,25,33,42,44
2023-04-30,01036,7,9,23,24,33,36
2023-05-03,01037,18,23,28,29,39,44
2023-05-05,01038,22,28,31,35,36,38
2023-05-07,01039,4,30,31,33,35,45
2023-05-10,01040,7,8,9,13,15,27
2023-05-12,01041,2,6,8,9,15,27
2023-05-14,01042,7,8,13,37,42,44
2023-05-17,01043,2,6,13,20,28,44
2023-05-19,01044,3,9,10,27,35,38
2023-05-21,01045,8,10,17,19,24,41
2023-05-24,01046,9,11,15,28,33,44
2023-05-26,01047,8,10,19,25,35,44
2023-05-28,01048,6,13,19,20,37,44
2023-05-31,01049,4,9,10,22,41,44
2023-06-02,01050,3,11,14,19,21,43
2023-06-04,01051,3,15,19,35,36,43
2023-06-07,01052,1,7,14,16,34,44
2023-06-09,01053,15,16,23,25,40,41
2023-06-11,01054,5,18,22,40,41,44
2023-06-14,01055,2,28,31,37,41,44
2023-06-16,01056,24,26,32,37,38,41
2023-06-18,01057,3,4,8,18,21,33
2023-06-21,01058,7,13,19,35,37,38
2023-06-23,01059,10,14,15,20,24,45
2023-06-25,01060,4,6,7,25,26,30
2023-06-28,01061,4,8,24,31,42,45
2023-06-30,01062,2,5,20,23,31,38
2023-07-02,01063,3,5,8,17,37,41
2023-07-05,01064,1,12,24,27,36,44
2023-07-07,01065,5,9,12,20,37,42
2023-07-09,01066,14,16,27,28,33,41
2023-07-12,01067,19,24,27,31,33,43
2023-07-14,01068,4,5,13,19,27,37
2023-07-16,01069,1,7,16,18,21,29
2023-07-19,01070,6,10,19,37,43,45
2023-07-21,01071,9,20,31,33,36,45
2023-07-23,01072,14,17,23,32,33,43
2023-07-26,01073,4,13,18,21,29,37
2023-07-28,01074,7,27,28,30,31,35
2023-07-30,01075,3,17,23,33,42,45
2023-08-02,01076,4,21,27,38,39,44
2023-08-04,01077,2,12,22,38,41,44
2023-08-06,01078,4,15,19,25,30,38
2023-08-09,01079,18,22,30,31,39,41
2023-08-11,01080,16,21,26,29,30,45
2023-08-13,01081,9,15,23,33,35,40
2023-08-16,01082,5,7,25,31,39,41
2023-08-18,01083,12,19,21,22,34,38
2023-08-20,01084,7,8,22,23,30,42
2023-08-23,01085,5,14,18,19,29,31
2023-08-25,01086,8,18,30,32,38,45
2023-08-27,01087,24,27,30,37,44,45
2023-08-30,01088,13,17,20,28,30,33
2023-09-01,01089,9,14,16,19,28,41
2023-09-03,01090,1,33,38,39,44,45
2023-09-06,01091,3,4,12,18,19,29
2023-09-08,01092,6,8,14,29,39,42
2023-09-10,01093,4,5,10,18,27,40
2023-09-13,01094,2,4,7,9,12,13
2023-09-15,01095,2,3,5,7,10,38
2023-09-17,01096,6,10,15,36,39,43
2023-09-20,01097,3,6,20,39,40,41
2023-09-22,01098,2,16,17,18,20,23
2023-09-24,01099,4,8,23,27,30,36
2023-09-27,01100,3,12,22,30,37,39
2023-09-29,01101,2,8,24,27,30,43
2023-10-01,01102,2,11,13,16,41,43
2023-10-04,01103,7,17,21,32,40,45
2023-10-06,01104,18,19,24,28,33,40
2023-10-08,01105,4,16,22,28,33,39
2023-10-11,01106,5,10,30,40,44,45
2023-10-13,01107,1,11,16,39,40,45
2023-10-15,01108,4,5,9,27,34,39
2023-10-18,01109,2,7,18,20,24,29
2023-10-20,01110,4,16,21,24,26,37
2023-10-22,01111,10,13,14,19,35,40
2023-10-25,01112,4,6,13,25,31,41
2023-10-27,01113,7,10,14,21,26,37
2023-10-29,01114,5,7,15,21,32,45
2023-11-01,01115,1,3,15,16,23,28
2023-11-03,01116,2,7,9,13,22,38
2023-11-05,01117,1,13,16,18,23,25
2023-11-08,01118,7,20,23,27,31,33
2023-11-10,01119,1,4,10,13,14,44
2023-11-12,01120,2,4,10,15,27,31
2023-11-15,01121,2,3,12,16,30,37
2023-11-17,01122,16,20,25,26,36,41
2023-11-19,01123,1,3,19,20,26,34
2023-11-22,01124,15,18,20,23,37,39
2023-11-24,01125,5,18,22,34,41,45
2023-11-26,01126,4,6,15,23,25,36
2023-11-29,01127,9,22,24,32,38,39
2023-12-01,01128,5,10,14,21,27,32
2023-12-03,01129,12,14,16,21,29,32
2023-12-06,01130,18,19,20,29,41,42
2023-12-08,01131,11,15,16,17,42,43
2023-12-10,01132,9,10,11,17,41,44
2023-12-13,01133,3,7,11,20,28,44
2023-12-15,01134,1,5,10,11,20,40
2023-12-17,01135,3,7,18,20,31,33
2023-12-20,01136,5,15,16,21,22,32
2023-12-22,01137,2,12,14,16,34,38
2023-12-24,01138,1,2,5,24,40,43
2023-12-27,01139,8,16,23,34,36,39
2023-12-29,01140,16,20,22,35,37,39
2023-12-31,01141,13,14,23,25,34,44
2024-01-03,01142,9,14,19,20,29,40
2024-01-05,01143,9,16,29,31,33,42
2024-01-07,01144,3,4,15,18,36,45
2024-01-10,01145,10,12,18,19,29,43
2024-01-12,01146,10,11,20,27,39,43
2024-01-14,01147,2,8,19,20,24,42
2024-01-17,01148,14,19,21,36,43,44
2024-01-19,01149,8,15,20,24,43,44
2024-01-21,01150,11,20,22,23,26,31
2024-01-24,01151,7,27,30,36,39,45
2024-01-26,01152,8,19,22,27,31,35
2024-01-28,01153,3,23,25,29,36,41
2024-01-31,01154,9,11,15,35,38,41
2024-02-02,01155,1,15,29,31,32,34
2024-02-04,01156,9,15,21,29,33,39
2024-02-07,01157,17,21,24,25,39,42
2024-02-11,01158,7,18,31,33,35,41
2024-02-14,01159,8,9,11,12,40,44
2024-02-16,01160,6,10,16,20,40,42
2024-02-18,01161,5,19,20,21,24,40
2024-02-21,01162,2,8,14,19,24,42
2024-02-23,01163,4,17,19,27,28,36
2024-02-25,01164,5,7,10,12,15,26
2024-02-28,01165,1,10,21,25,32,39
2024-03-01,01166,20,22,24,26,28,37
2024-03-03,01167,3,10,17,20,22,27
2024-03-06,01168,11,15,34,39,41,43
2024-03-08,01169,2,26,28,40,41,45
2024-03-10,01170,4,12,19,23,36,41
2024-03-13,01171,1,13,25,30,34,40
2024-03-15,01172,9,11,16,29,31,33
2024-03-17,01173,1,3,5,26,30,42
2024-03-20,01174,8,14,26,28,43,45
2024-03-22,01175,5,6,11,20,24,45
2024-03-24,01176,1,14,22,28,32,42
2024-03-27,01177,6,29,31,35,42,44
2024-03-29,01178,4,7,25,34,35,38
2024-03-31,01179,5,12,13,17,40,41
2024-04-03,01180,7,11,14,22,29,34
2024-04-05,01181,14,18,22,29,36,37
2024-04-07,01182,3,11,15,17,24,35
2024-04-10,01183,2,10,30,33,34,40
2024-04-12,01184,6,17,18,26,43,45
2024-04-14,01185,7,12,16,29,42,45
2024-04-17,01186,9,16,26,27,32,41
2024-04-19,01187,2,3,20,21,32,33
2024-04-21,01188,7,21,36,38,40,45
2024-04-24,01189,7,21,30,33,38,39
2024-04-26,01190,2,3,25,34,35,38
2024-04-28,01191,1,13,14,22,23,37
2024-05-01,01192,7,9,17,20,25,29
2024-05-03,01193,1,13,14,21,27,43
2024-05-05,01194,10,12,14,16,21,39
2024-05-08,01195,2,10,13,22,30,34
2024-05-10,01196,12,13,31,38,42,43
2024-05-12,01197,3,5,6,9,32,45
2024-05-15,01198,3,11,13,21,24,34
2024-05-17,01199,8,22,27,29,39,43
2024-05-19,01200,5,19,25,35,37,39
2024-05-22,01201,2,3,10,22,41,43
2024-05-24,01202,2,14,15,17,23,40
2024-05-26,01203,4,9,11,14,19,27
2024-05-29,01204,4,21,25,27,35,39
2024-05-31,01205,4,8,15,23,31,40
2024-06-02,01206,2,7,13,23,25,45
2024-06-05,01207,11,25,28,33,34,45
2024-06-07,01208,15,19,24,25,27,39
2024-06-09,01209,4,5,28,32,37,42
2024-06-12,01210,1,2,8,13,26,34
2024-06-14,01211,10,24,25,26,30,41
2024-06-16,01212,3,16,17,18,25,37
2024-06-19,01213,8,12,17,23,26,27
2024-06-21,01214,3,7,11,16,19,35
2024-06-23,01215,9,11,19,29,31,44
2024-06-26,01216,8,10,29,30,33,40
2024-06-28,01217,4,6,16,32,41,44
2024-06-30,01218,5,23,25,28,30,43
2024-07-03,01219,11,18,24,34,38,43
2024-07-05,01220,4,23,33,38,40,44
2024-07-07,01221,4,8,22,23,26,45
2024-07-10,01222,23,24,36,37,40,45
2024-07-12,01223,11,17,25,26,28,29
2024-07-14,01224,9,18,33,37,38,43
2024-07-17,01225,9,10,11,16,21,30
2024-07-19,01226,1,10,20,25,34,35
2024-07-21,01227,9,10,23,25,28,38
2024-07-24,01228,7,8,20,27,32,34
2024-07-26,01229,18,20,28,31,39,45
2024-07-28,01230,1,13,21,25,31,39
2024-07-31,01231,2,4,12,16,18,42
2024-08-02,01232,9,14,19,34,37,41
2024-08-04,01233,1,4,16,18,20,32
2024-08-07,01234,11,19,22,29,40,44
2024-08-09,01235,6,14,15,24,26,39
2024-08-11,01236,17,18,19,33,35,37
2024-08-14,01237,1,6,9,21,43,44
2024-08-16,01238,16,22,23,30,34,41
2024-08-18,01239,4,13,28,33,35,38
2024-08-21,01240,7,8,9,15,22,30
2024-08-23,01241,7,13,26,28,35,41
2024-08-25,01242,6,10,15,17,40,42
2024-08-28,01243,4,5,17,25,39,41
2024-08-30,01244,2,15,19,26,34,36
2024-09-01,01245,30,31,33,38,42,43
2024-09-04,01246,2,7,15,18,24,33
2024-09-06,01247,5,25,28,32,36,41
2024-09-08,01248,3,8,10,26,34,37
2024-09-11,01249,6,11,19,23,34,37
2024-09-13,01250,6,12,27,34,41,42
2024-09-15,01251,3,11,28,32,33,35
2024-09-18,01252,4,8,27,28,35,36
2024-09-20,01253,13,14,19,20,30,33
2024-09-22,01254,20,23,28,36,40,42
2024-09-25,01255,10,23,25,27,31,37
2024-09-27,01256,1,6,18,25,39,44
2024-09-29,01257,3,7,16,17,41,42
2024-10-02,01258,5,6,11,23,31,36
2024-10-04,01259,8,10,21,32,39,44
2024-10-06,01260,7,14,33,36,42,43
2024-10-09,01261,14,18,20,22,34,45
2024-10-11,01262,11,19,26,28,29,43
2024-10-13,01263,7,10,13,17,21,45
2024-10-16,01264,4,14,19,23,24,37
2024-10-18,01265,13,19,20,22,24,37
2024-10-20,01266,6,23,24,25,26,34
2024-10-23,01267,22,27,28,31,37,44
2024-10-25,01268,3,10,31,32,34,40
2024-10-27,01269,18,21,28,29,33,45
2024-10-30,01270,4,13,20,29,32,37
2024-11-01,01271,20,22,23,32,35,40
2024-11-03,01272,1,4,5,16,20,22
2024-11-06,01273,1,2,3,11,25,37
2024-11-08,01274,11,15,18,27,34,37
2024-11-10,01275,3,7,11,12,13,40
2024-11-13,01276,3,23,28,35,39,42
2024-11-15,01277,8,13,31,36,37,40
2024-11-17,01278,11,17,29,31,38,42
2024-11-20,01279,4,16,24,29,31,37
2024-11-22,01280,1,14,15,19,38,40
2024-11-24,01281,5,14,15,21,33,36
2024-11-27,01282,6,21,24,31,42,44
2024-11-29,01283,12,15,33,35,37,45
2024-12-01,01284,15,17,25,29,33,35
2024-12-04,01285,7,14,19,24,34,36
2024-12-06,01286,8,14,18,26,34,42
2024-12-08,01287,1,13,24,26,27,37
2024-12-11,01288,2,10,17,23,29,33
2024-12-13,01289,3,7,29,36,37,44
2024-12-15,01290,1,10,20,22,23,36
2024-12-18,01291,3,7,12,16,26,34
2024-12-20,01292,6,9,12,21,28,33
2024-12-22,01293,15,16,24,27,31,44
2024-12-25,01294,8,13,20,25,28,39
2024-12-27,01295,1,10,13,24,25,33
2024-12-29,01296,5,8,19,31,34,43
2025-01-01,01297,14,20,25,28,36,40
2025-01-03,01298,6,12,21,27,34,41
2025-01-05,01299,2,7,15,37,41,42
2025-01-08,01300,2,3,17,33,37,38
2025-01-10,01301,2,4,8,28,42,44
2025-01-12,01302,2,9,12,14,41,44
2025-01-15,01303,2,6,8,10,23,33
2025-01-17,01304,2,12,22,31,34,35
2025-01-19,01305,5,6,10,19,32,38
2025-01-22,01306,3,21,26,29,32,33
2025-01-24,01307,1,7,11,22,31,34
2025-01-26,01308,5,8,9,11,20,29
2025-01-31,01309,2,15,16,32,42,45
2025-02-02,01310,15,20,22,29,32,36
2025-02-05,01311,4,6,9,14,25,41
2025-02-07,01312,4,5,25,27,35,39
2025-02-09,01313,8,16,22,27,31,34
2025-02-12,01314,7,19,31,39,42,43
2025-02-14,01315,6,8,10,27,28,32
2025-02-16,01316,11,19,26,28,35,40
2025-02-19,01317,1,6,10,11,25,29
2025-02-21,01318,4,9,19,20,30,42
2025-02-23,01319,10,12,15,17,24,33
2025-02-26,01320,2,13,15,16,18,20
2025-02-28,01321,10,11,14,16,21,29
2025-03-02,01322,8,24,30,33,42,45
2025-03-05,01323,10,22,32,37,41,43
2025-03-07,01324,8,11,12,20,25,32
2025-03-09,01325,10,11,30,33,44,45
2025-03-12,01326,19,26,30,32,36,42
2025-03-14,01327,7,11,13,16,28,30
2025-03-16,01328,2,12,14,16,38,45
2025-03-19,01329,12,23,27,28,29,43
2025-03-21,01330,31,32,34,41,42,45
2025-03-23,01331,5,6,8,9,36,45
2025-03-26,01332,17,24,25,30,35,39
2025-03-28,01333,5,7,22,28,29,34
2025-03-30,01334,14,15,33,38,42,45
2025-04-02,01335,8,14,15,22,31,34
2025-04-04,01336,2,13,24,25,28,38
2025-04-06,01337,3,5,6,13,18,22
2025-04-09,01338,5,8,11,22,41,44
2025-04-11,01339,1,13,14,26,37,43
2025-04-13,01340,13,14,18,25,30,32
2025-04-16,01341,5,8,12,16,28,32
2025-04-18,01342,5,20,21,22,29,44
2025-04-20,01343,5,7,14,26,29,44
2025-04-23,01344,7,12,23,34,42,43
2025-04-25,01345,4,8,9,10,20,34
2025-04-27,01346,8,11,31,35,36,45
2025-04-30,01347,1,17,26,33,36,44
2025-05-02,01348,3,7,32,37,42,45
2025-05-04,01349,6,7,8,9,12,29
2025-05-07,01350,8,27,28,31,34,40
2025-05-09,01351,1,7,9,34,40,42
2025-05-11,01352,13,15,17,22,28,43
2025-05-14,01353,19,24,27,37,44,45
2025-05-16,01354,5,9,14,22,32,44
2025-05-18,01355,6,7,17,27,30,42
2025-05-21,01356,2,13,14,21,24,30
2025-05-23,01357,2,4,15,16,29,43
2025-05-25,01358,5,14,23,24,28,44
2025-05-28,01359,17,22,23,28,31,41
2025-05-30,01360,4,7,12,35,37,41
2025-06-01,01361,9,24,29,37,42,44
2025-06-04,01362,11,23,26,27,29,32
2025-06-06,01363,24,26,35,39,41,45
2025-06-08,01364,6,17,18,19,31,37
2025-06-11,01365,10,13,22,27,41,45
2025-06-13,01366,1,13,19,28,30,36
2025-06-15,01367,15,16,22,23,29,32
2025-06-18,01368,19,23,24,26,36,41
2025-06-20,01369,2,8,18,22,26,29
2025-06-22,01370,1,9,14,20,34,41
2025-06-25,01371,8,10,26,29,35,39
2025-06-27,01372,9,14,26,30,44,45
2025-06-29,01373,10,23,25,26,27,28
2025-07-02,01374,12,16,21,28,34,41
2025-07-04,01375,7,9,21,29,41,45
2025-07-06,01376,5,8,13,23,36,45
2025-07-09,01377,7,8,30,32,33,44
2025-07-11,01378,11,20,22,24,43,45
2025-07-13,01379,9,17,22,27,35,36
2025-07-16,01380,6,11,14,19,21,42
2025-07-18,01381,7,22,24,28,42,45
2025-07-20,01382,11,13,14,20,37,42
2025-07-23,01383,24,26,29,32,37,44
2025-07-25,01384,20,30,34,35,38,39
2025-07-27,01385,1,9,12,27,39,45
2025-07-30,01386,2,3,6,16,26,34
2025-08-01,01387,5,29,30,31,36,38
2025-08-03,01388,5,14,24,26,37,43
2025-08-06,01389,3,12,14,18,29,34
2025-08-08,01390,11,17,20,26,27,38
2025-08-10,01391,13,21,26,28,31,35
2025-08-13,01392,10,15,28,30,35,45
2025-08-15,01393,5,22,27,36,43,45
2025-08-17,01394,15,24,26,29,31,42
2025-08-20,01395,4,9,27,32,38,42
2025-08-22,01396,1,9,10,13,37,39
2025-08-24,01397,2,9,20,28,32,43
2025-08-27,01398,3,11,18,39,40,42
2025-08-29,01399,2,4,10,24,35,36
2025-08-31,01400,3,4,14,30,32,38
2025-09-03,01401,14,21,23,28,44,45
2025-09-05,01402,1,10,20,22,41,43
2025-09-07,01403,6,29,30,39,42,44
2025-09-10,01404,7,10,18,20,24,36
2025-09-12,01405,17,22,24,37,42,43
2025-09-14,01406,3,6,9,10,30,37
2025-09-17,01407,11,23,25,35,38,45
2025-09-19,01408,4,6,17,18,28,41
2025-09-21,01409,2,3,6,21,28,38
2025-09-24,01410,3,5,17,31,32,40
2025-09-26,01411,12,17,19,27,28,36
2025-09-28,01412,8,13,18,26,36,39
2025-10-01,01413,3,6,7,19,30,35
2025-10-03,01414,29,31,32,33,34,35
2025-10-05,01415,5,14,22,28,32,39
2025-10-08,01416,8,10,11,18,23,32
2025-10-10,01417,4,5,25,34,39,43
2025-10-12,01418,4,10,16,20,28,34
2025-10-15,01419,1,6,18,20,29,40
2025-10-17,01420,15,17,18,26,31,42
2025-10-19,01421,16,17,25,26,28,37
2025-10-22,01422,5,11,12,24,28,44
2025-10-24,01423,2,11,24,31,32,38
2025-10-26,01424,18,30,34,42,43,45
2025-10-29,01425,7,26,35,39,41,42
2025-10-31,01426,3,10,31,34,36,43
2025-11-02,01427,3,7,12,20,30,44
2025-11-05,01428,2,9,18,25,30,31
2025-11-07,01429,3,4,20,28,39,42
2025-11-09,01430,13,23,27,30,37,43
2025-11-12,01431,16,24,29,37,40,44
2025-11-14,01432,3,10,15,27,41,42
2025-11-16,01433,15,20,31,33,34,45
2025-11-19,01434,9,12,19,30,40,43
2025-11-21,01435,8,11,18,25,28,35
2025-11-23,01436,4,12,19,42,43,44
2025-11-26,01437,2,8,15,19,30,38
2025-11-28,01438,2,9,17,23,39,41
2025-11-30,01439,7,13,26,30,34,42
2025-12-03,01440,8,15,20,23,31,34
2025-12-05,01441,2,19,23,37,42,43
2025-12-07,01442,1,5,23,28,29,43
2025-12-10,01443,7,18,22,29,30,36
2025-12-12,01444,3,7,13,17,38,44
2025-12-14,01445,8,11,13,16,28,32
2025-12-17,01446,5,14,24,38,41,43
2025-12-19,01447,1,21,36,42,43,44
2025-12-21,01448,6,9,12,18,29,43
2025-12-24,01449,15,19,31,35,43,45
2025-12-26,01450,4,6,16,25,27,40
2025-12-28,01451,1,2,7,16,31,37
2025-12-31,01452,1,25,35,36,37,45
2026-01-02,01453,7,18,22,32,37,38
2026-01-04,01454,2,12,21,29,35,44
2026-01-07,01455,1,5,7,28,31,43
2026-01-09,01456,8,9,17,21,36,45
2026-01-11,01457,8,10,21,25,31,38
2026-01-14,01458,1,22,23,28,39,45
2026-01-16,01459,2,10,21,31,34,40
2026-01-18,01460,2,5,15,26,39,42
2026-01-21,01461,1,18,23,24,29,37
2026-01-23,01462,9,15,16,20,22,31
2026-01-25,01463,2,19,20,24,33,34
2026-01-28,01464,4,10,16,19,27,40
2026-01-30,01465,16,17,30,41,42,45
2026-02-01,01466,1,18,21,23,30,36
2026-02-04,01467,2,12,14,17,39,43
2026-02-06,01468,2,7,13,17,42,45
2026-02-08,01469,6,13,16,20,23,38
2026-02-11,01470,15,20,35,40,44,45
2026-02-13,01471,8,12,31,36,42,43
2026-02-15,01472,4,6,7,20,28,43
2026-02-18,01473,1,7,19,23,26,44
2026-02-20,01474,4,25,28,33,34,45
2026-02-22,01475,7,23,24,36,38,40
2026-02-25,01476,4,13,20,22,23,29
2026-02-27,01477,2,4,8,15,17,28
2026-03-01,01478,16,22,23,35,44,45
2026-03-04,01479,1,4,6,9,13,44
2026-03-06,01480,2,10,12,21,32,37
2026-03-08,01481,6,12,13,25,31,32
2026-03-11,01482,16,18,19,28,31,44
2026-03-13,01483,11,12,20,22,31,33
2026-03-15,01484,4,7,11,26,42,44
2026-03-18,01485,14,20,33,35,36,44
2026-03-20,01486,8,11,22,23,38,43
2026-03-22,01487,5,10,22,26,31,36
2026-03-25,01488,16,22,24,29,35,36
2026-03-27,01489,5,7,13,19,38,45
2026-03-29,01490,5,8,18,30,37,45
2026-04-01,01491,6,30,34,36,37,44
2026-04-03,01492,2,4,23,24,35,41
2026-04-05,01493,2,9,23,30,32,42
2026-04-08,01494,5,8,23,26,38,41
2026-04-10,01495,7,8,10,16,28,35
2026-04-12,01496,1,10,11,32,39,42
2026-04-15,01497,21,22,33,35,36,43
2026-04-17,01498,1,10,19,31,36,38
